pos,breeder,pigeon,name,color,sex,ent,arrival,speed,to_win,eligible
1,Texas Outlaws,19633-AU15-FOYS,,BCWF,H,1,42:14.0,172.155,0:00:00,Yes
2,Junior Juanich,0402-AU15-JRL,,SIWF,H,1,47:36.0,163.569,0:05:21,Yes
3,Jerry Allensworth,0404-AU15-VITA,Perch Potato,BB,H,1,47:41.0,163.442,0:05:27,Yes
4,Alias-Alias,2013-AU15-ALIA,,BBSP,H,1,47:43.0,163.392,0:05:28,Yes
5,Greg Glazier,5749-AU15-SLI,,BC,H,1,47:44.0,163.366,0:05:30,Yes
6,Dal-Tex R P C,0032-AU15-DRPC,,BC,H,1,47:51.0,163.19,0:05:36,Yes
7,Greg Glazier,5768-AU15-SLI,,BBWF,C,2,47:53.0,163.139,0:05:39,Yes
8,N C Syndicate,1067-AU15-TXHC,,BC,H,1,47:57.0,163.038,0:05:43,Yes
9,Baldwin & Tilson,1194-AU15-TENT,,BB,H,1,48:02.0,162.913,0:05:47,Yes
10,Texas Outlaws,19632-AU15-FOYS,,BC,H,2,48:03.0,162.888,0:05:48,Yes
10,Redtex,0024-AU15-RTEX,,RED,H,1,48:03.0,162.888,0:05:48,Yes
12,Terry Montgomery,0220-AU15-MTHD,,BC,H,1,48:08.0,162.762,0:05:53,Yes
13,Woodsend/Perry,1512-AU15-CERO,,RC,H,1,48:11.0,162.687,0:05:56,Yes
14,Crestview Loft,25360-AU15-ARPU,,BBSP,H,1,48:12.0,162.662,0:05:57,Yes
14,Goshentown Lofts,5834-AU15-VITA,,BB,H,1,48:12.0,162.662,0:05:57,Yes
16,Flyhome Loft,1531-AU15-FLYH,,BB,H,1,48:15.0,162.587,0:06:00,Yes
17,Alias-Alias,2020-AU15-ALIA,,BBSP,H,2,48:16.0,162.562,0:06:01,Yes
18,Skip's Janssens,5313-AU15-GL,,BCWF,H,1,48:17.0,162.537,0:06:02,Yes
18,Bud & Orie Loft,51161-IF15-IRPC,,BLK,H,1,48:17.0,162.537,0:06:02,Yes
20,Milner-Mckinsey,2488-AU15-VITA,,BBWF,C,1,48:21.0,162.437,0:06:06,Yes
21,Shawnie & Lenny Loft,1106-AU15-SMCC,,BC,H,1,48:28.0,162.262,0:06:13,Yes
22,Nanez Family Lofts,2177-AU15-NANE,,BBWF,H,1,48:30.0,162.212,0:06:15,Yes
23,Dal-Tex R P C,0031-AU15-DRPC,,BC,H,2,48:31.0,162.187,0:06:16,Yes
24,Jb & D,1214-IF15-CCC,,BB,H,1,48:36.0,162.063,0:06:21,Yes
25,Silver Dollar Loft,0101-AU15-SDOL,,BC,H,1,48:37.0,162.038,0:06:22,Yes
26,Protege Loft,0022-IF15-PROT,,BC,H,1,48:39.0,161.988,0:06:24,Yes
27,Mike Belus,22304-AU15-JEDD,,BBWF,H,1,48:42.0,161.914,0:06:27,Yes
28,Sierra Ranch Classic,0540-AU15-SIER,,BBWF,H,1,48:44.0,161.864,0:06:29,Yes
29,A P C Loft,15096-AU15-APC,,GRZL,H,1,48:45.0,161.839,0:06:30,Yes
30,Churn Creek Loft,9216-AU15-SRP,,BB,H,1,48:48.0,161.765,0:06:33,Yes
31,Sandstrom Brothers Loft,0302-AU15-SBL,,BBPD,H,1,48:55.0,161.591,0:06:41,Yes
32,Alias-Alias,2049-AU15-ALIA,,BB,H,3,48:56.0,161.567,0:06:41,Yes
33,Silver Dollar Loft,0036-AU15-SDOL,,BC,H,2,49:03.0,161.394,0:06:48,Yes
33,Flying D Loft 2,9512-AU15-FOYS,,DC,H,1,49:03.0,161.394,0:06:48,Yes
35,Clear Springs Loft,0263-AU15-NWFI,,BB,H,1,49:06.0,161.32,0:06:51,Yes
36,Equalizer Loft,0437-AU15-LAF,Lil Dat,BC,H,1,49:10.0,161.221,0:06:56,Yes
37,Mike Belus,22309-AU15-JEDD,,BBWF,H,2,49:13.0,161.148,0:06:58,Yes
38,Clear Springs Loft,0235-AU15-NWFI,,BB,H,2,49:17.0,161.049,0:07:03,Yes
39,Stenman Loft,5261-AU15-VITA,,BC,H,1,49:19.0,161,0:07:04,Yes
40,Skip's Janssens,5302-AU15-GL,,BB,H,2,49:28.0,160.78,0:07:13,Yes
41,Crowley's Ridge Loft,5226-AU15-SIRP,,BB,H,1,49:29.0,160.755,0:07:14,Yes
42,Dave Harrett,0009-AU15-JEDD,,BC,H,1,49:30.0,160.731,0:07:15,Yes
43,Dave Dudley,15046-AU15-PBLO,,BC,H,1,49:32.0,160.682,0:07:17,Yes
44,Dave Dudley,15047-AU15-PBLO,,BC,H,2,49:33.0,160.657,0:07:19,Yes
45,Mc Laughlin Lofts,2186-AU15-MCLO,,BC,H,1,49:34.0,160.633,0:07:19,Yes
46,Little Reata Loft,15441-AU15-JETT,,BCWF,H,1,49:36.0,160.584,0:07:21,Yes
47,Skip's Janssens,5310-AU15-GL,,BBWF,H,3,49:41.0,160.462,0:07:26,Yes
48,Emerson/Krass,1559-AU15-EMER,,BC,H,1,49:45.0,160.364,0:07:31,Yes
49,Non Pareil Loft,0016-AU15-NPL,,BB,H,1,49:48.0,160.291,0:07:34,Yes
50,Andy Skwiat,0042-AU15-ANDY,,DCWF,H,1,49:58.0,160.048,0:07:44,Yes
51,Redtex,0013-AU15-RTEX,,RED,H,2,50:08.0,159.806,0:07:54,Yes
52,American Lofts,3602-AU15-CORP,,WGRZ,H,1,50:11.0,159.734,0:07:56,Yes
53,Woodsend/Perry,1513-AU15-CERO,,RC,H,2,50:15.0,159.637,0:08:01,Yes
54,Alonso Loft,0324-AU15-ALON,,BB,H,1,50:16.0,159.613,0:08:01,Yes
55,Captain Chuck,1609-AU15-CAPT,,RCSP,H,1,50:23.0,159.444,0:08:09,Yes
56,Shang N Dennis Yoh,0929-AU15-JEDD,,BBSP,H,1,50:24.0,159.42,0:08:10,Yes
57,Crestview Loft,25390-AU15-ARPU,,BCWF,H,2,50:30.0,159.276,0:08:15,Yes
58,Little Reata Loft,15442-AU15-JETT,,BC,H,2,50:32.0,159.228,0:08:17,Yes
59,J & M Partridge Loft,1225-AU15-PASO,,BC,H,1,50:35.0,159.156,0:08:20,Yes
60,Shawnie & Lenny Loft,1124-AU15-SMCC,,BC,H,2,50:37.0,159.108,0:08:22,Yes
61,Jb & D,1233-IF15-CCC,,BB,H,2,50:40.0,159.036,0:08:25,Yes
62,B D P Loft,0418-AU15-BDPL,,RC,H,1,50:51.0,158.773,0:08:36,Yes
63,Crowley's Ridge Loft,5228-AU15-SIRP,,BC,H,2,51:00.0,158.559,0:08:45,Yes
64,A P C Loft,15072-AU15-APC,,BBWF,H,2,51:02.0,158.511,0:08:47,Yes
65,T C R Loft,3360-AU15-AA,,BB,H,1,51:24.0,157.989,0:09:10,Yes
66,Family Loft,0153-AU15-FAM,,BB,H,1,51:37.0,157.683,0:09:22,Yes
67,Charlie's Little Loft,28201-AU15-ARPU,Bella,BLCK,H,1,51:43.0,157.541,0:09:29,Yes
68,Oscar/Ralph,0169-IF15-FCI,,BB,H,1,51:48.0,157.424,0:09:33,Yes
69,Junior Juanich,0403-AU15-JRL,,SILV,H,2,51:49.0,157.401,0:09:34,Yes
70,J & M Partridge Loft,1231-AU15-PASO,,BB,H,2,53:07.0,155.592,0:10:52,Yes
71,Jerry Allensworth,0415-AU15-VITA,"""the Duck""",BBWF,H,2,54:23.0,153.869,0:12:08,Yes
72,Flying D Loft 2,9509-AU15-FOYS,,BB,H,2,54:26.0,153.801,0:12:12,Yes
72,Alias-Alias,2025-AU15-ALIA,,BB,H,4,54:26.0,153.801,0:12:12,Yes
74,Jb & D,1204-IF15-CCC,,BBPI,H,3,54:56.0,153.132,0:12:42,Yes
75,The Bailey Team,0413-AU15-GJC,,BC,H,1,55:12.0,152.778,0:12:57,Yes
76,Churn Creek Loft,9212-AU15-SRP,,BB,H,2,55:15.0,152.711,0:13:01,Yes
77,Jb & D,1207-IF15-CCC,,WHGR,H,4,55:24.0,152.513,0:13:09,Yes
78,Goshentown Lofts,5841-AU15-VITA,,BB,H,2,55:28.0,152.425,0:13:13,Yes
79,Jb & D,1201-IF15-CCC,,BB,H,5,55:33.0,152.315,0:13:18,Yes
80,Bud & Orie Loft,51102-IF15-IRPC,,BLK,H,2,55:38.0,152.205,0:13:24,Yes
80,Kwan Loft,0429-AU15-KWAN,,GRIZ,H,1,55:38.0,152.205,0:13:24,Yes
82,Family Loft,0158-AU15-FAM,,BB,H,2,55:40.0,152.161,0:13:26,Yes
83,Andy Skwiat,0041-AU15-ANDY,,BBWF,H,2,55:45.0,152.052,0:13:30,Yes
84,Protege Loft,0020-IF15-PROT,,BC,H,2,55:51.0,151.921,0:13:36,Yes
85,Ganus Family Loft,0780-AU15-GFL,,BBWF,H,1,55:53.0,151.877,0:13:38,Yes
86,Greg Glazier,5721-AU15-SLI,,BB,H,3,55:55.0,151.833,0:13:41,Yes
87,Jerry Allensworth,0423-AU15-VITA,Alice,BB,H,3,55:57.0,151.79,0:13:42,Yes
88,4-Birds,0754-AU15-ESPO,,BB,H,1,55:58.0,151.768,0:13:43,Yes
89,Churn Creek Loft,9215-AU15-SRP,,BBPI,H,3,55:59.0,151.746,0:13:44,Yes
90,Greek Connection,0525-AU15-GRK,,BB,H,1,56:01.0,151.702,0:13:47,Yes
91,American Lofts,3559-AU15-CORP,,BBWF,H,2,56:03.0,151.659,0:13:48,Yes
91,Turk Loft,1508-AU15-ER,,BC,H,1,56:03.0,151.659,0:13:48,Yes
93,Sierra Ranch Classic,0518-AU15-SIER,,BB,H,2,56:05.0,151.615,0:13:51,Yes
94,Leyba's Loft,0147-AU15-FTSU,,BBWF,H,1,56:07.0,151.572,0:13:52,Yes
95,Lonestar Loft,0738-AU15-DEN,,BC,H,1,56:10.0,151.506,0:13:56,Yes
95,Leyba's Loft,0498-AU15-FTSU,,BB,H,2,56:10.0,151.506,0:13:56,Yes
97,4-Birds,0768-AU15-ESPO,,BB,H,2,56:11.0,151.485,0:13:56,Yes
98,Bynum Family Lofts,27676-AU15-ARPU,,BB,H,1,56:12.0,151.463,0:13:57,Yes
99,Sierra Ranch Classic,0535-AU15-SIER,,BB,H,3,56:15.0,151.398,0:14:00,Yes
100,Terry Montgomery,0734-AU15-MTHD,,BC,H,2,56:19.0,151.311,0:14:04,Yes
101,Woodsend/Perry,1502-AU15-CERO,,RC,H,3,56:27.0,151.138,0:14:12,Yes
101,Lonestar Loft,0743-AU15-DEN,,BC,H,2,56:27.0,151.138,0:14:12,Yes
103,The Brand Syndicate,0552-AU15-RRR,,BB,H,1,56:29.0,151.095,0:14:14,Yes
103,J & M Partridge Loft,1028-AU15-PASO,,BC,H,3,56:29.0,151.095,0:14:14,Yes
105,A P C Loft,15085-AU15-APC,,RED,H,3,56:33.0,151.008,0:14:18,Yes
106,Kokomo Loft,32156-AU15-ARPU,,BC,H,1,56:40.0,150.857,0:14:25,Yes
107,Jb & D,1212-IF15-CCC,,BLK,H,6,56:42.0,150.814,0:14:27,Yes
108,Jb & D,1200-IF15-CCC,,BB,H,7,56:43.0,150.793,0:14:28,Yes
109,Dave Harrett,0011-AU15-JEDD,,BC,H,2,56:48.0,150.685,0:14:33,Yes
110,Milner-Mckinsey,2483-AU15-VITA,,BB,H,2,56:55.0,150.535,0:14:40,Yes
111,Turk Loft,1509-AU15-ER,,BC,H,2,56:59.0,150.449,0:14:44,Yes
111,Sierra Ranch Classic,0522-AU15-SIER,,BB,H,4,56:59.0,150.449,0:14:44,Yes
113,Redtex,0100-AU15-RTEX,,RC,H,3,57:02.0,150.385,0:14:47,Yes
114,Redtex,0005-AU15-RTEX,,RED,H,4,57:04.0,150.342,0:14:49,Yes
115,Loizzi/Sikora,1736-AU15-FVC,,BB,H,1,57:07.0,150.278,0:14:52,Yes
116,Sandstrom Brothers Loft,0306-AU15-SBL,,DC,H,2,57:09.0,150.235,0:14:54,Yes
117,Rayce Loft,5007-AU15-UIF,,BC,H,1,57:12.0,150.171,0:14:57,Yes
118,Kwan Loft,0408-AU15-KWAN,,BB,H,2,57:14.0,150.128,0:14:59,Yes
119,Andy Skwiat,0038-AU15-ANDY,,BC,H,3,57:19.0,150.021,0:15:05,Yes
120,A P C Loft,15017-AU15-APC,,BB,H,4,57:27.0,149.851,0:15:12,Yes
121,Family Loft,0067-AU15-FAM,,BB,H,3,57:28.0,149.83,0:15:13,Yes
121,A P C Loft,15061-AU15-APC,,BB,H,5,57:28.0,149.83,0:15:13,Yes
123,Jb & D,2618-IF15-HAM,,BB,H,8,57:30.0,149.787,0:15:16,Yes
124,Sandstrom Brothers Loft,0304-AU15-SBL,,BBPD,H,3,57:36.0,149.66,0:15:21,Yes
124,Bionic Loft,0619-AU15-CAJN,,BC,H,1,57:36.0,149.66,0:15:21,Yes
126,Alias-Alias,2028-AU15-ALIA,,BBWF,H,5,57:37.0,149.639,0:15:22,Yes
127,Iv Aces Loft,7100-IF15-ACES,,BB,H,1,57:41.0,149.554,0:15:26,Yes
128,Jb & D,1208-IF15-CCC,,BC,H,9,57:44.0,149.49,0:15:30,Yes
129,Little Reata Loft,15449-AU15-JETT,,BB,H,3,57:47.0,149.427,0:15:32,Yes
130,Junior Juanich,0412-AU15-JRL,,BC,H,3,57:49.0,149.385,0:15:34,Yes
131,Family Loft,0155-AU15-FAM,,BBPD,H,4,57:51.0,149.342,0:15:37,Yes
131,Rayce Loft,5011-AU15-UIF,,BB,H,2,57:51.0,149.342,0:15:37,Yes
133,Fisher Family Loft,55362-AU15-ARPU,,BC,H,1,57:52.0,149.321,0:15:38,Yes
134,Rayce Loft,5042-AU15-UIF,,BC,H,3,57:53.0,149.3,0:15:39,Yes
135,Stenman Loft,5264-AU15-VITA,,BC,H,2,57:54.0,149.279,0:15:39,Yes
136,Shawnie & Lenny Loft,1121-AU15-SMCC,,DC,H,3,57:59.0,149.174,0:15:44,Yes
137,Redtex,0042-AU15-RTEX,,SIL,H,5,58:01.0,149.131,0:15:47,Yes
138,Redtex,0099-AU15-RTEX,,BC,H,6,58:04.0,149.068,0:15:50,Yes
139,The Brand Syndicate,0535-AU15-RRR,,BC,H,2,58:18.0,148.774,0:16:04,Yes
140,Redtex,0050-AU15-RTEX,,RED,H,7,58:23.0,148.67,0:16:08,Yes
141,Credeur Family Loft,0106-AU15-CFL,,BC,H,1,58:31.0,148.502,0:16:17,Yes
142,Kiko Arana,57067-AU15-ARPU,,BBWF,H,1,58:36.0,148.398,0:16:21,Yes
142,Junior Juanich,0409-AU15-JRL,,BC,H,4,58:36.0,148.398,0:16:21,Yes
144,Nanez Family Lofts,2180-AU15-NANE,,BB,H,2,58:58.0,147.941,0:16:43,Yes
144,Jb & D,1291-IF15-CCC,,BB,H,10,58:58.0,147.941,0:16:43,Yes
146,Woodsend/Perry,1536-AU15-CERO,,RC,H,4,59:00.0,147.899,0:16:46,Yes
147,Non Pareil Loft,0020-AU15-NPL,,BB,H,2,59:18.0,147.527,0:17:04,Yes
148,Loizzi/Sikora,1741-AU15-FVC,,BC,H,2,59:25.0,147.383,0:17:10,Yes
149,Rick Barker,0317-AU15-VIP,,BB,H,1,59:26.0,147.363,0:17:11,Yes
150,Woodsend/Perry,1514-AU15-CERO,,RC,H,5,59:29.0,147.301,0:17:14,Yes
151,Fisher Family Loft,55341-AU15-ARPU,,SILV,H,2,59:37.0,147.137,0:17:22,Yes
152,Debbie Ganus,0770-AU15-GFL,,BC,H,1,59:52.0,146.83,0:17:37,Yes
153,Lonestar Loft,0748-AU15-DEN,,BB,H,3,59:59.0,146.687,0:17:44,Yes
154,Family Loft,0154-AU15-FAM,,BB,C,5,00:04.0,146.585,0:17:50,Yes
155,Ganus Family Loft,0775-AU15-GFL,,BB,H,2,00:08.0,146.504,0:17:53,Yes
156,Milner-Mckinsey,2499-AU15-VITA,Christie,OPWF,H,3,00:29.0,146.078,0:18:15,Yes
157,Shang N Dennis Yoh,0928-AU15-JEDD,,BB,H,2,00:32.0,146.018,0:18:17,Yes
158,Greek Connection,0675-AU15-GRK,,BB,H,2,01:11.0,145.234,0:18:57,Yes
159,Lonestar Loft,0737-AU15-DEN,,BC,H,4,01:38.0,144.697,0:19:24,Yes
160,Crestview Loft,25357-AU15-ARPU,,BB,H,3,01:52.0,144.42,0:19:37,Yes
161,Stenman Loft,5271-AU15-VITA,,DC,H,3,01:53.0,144.4,0:19:39,Yes
162,Credeur Family Loft,0114-AU15-CFL,,BB,H,2,02:08.0,144.105,0:19:53,Yes
163,Debbie Ganus,0715-AU15-GFL,,BC,H,2,02:20.0,143.869,0:20:06,Yes
164,Rayce Loft,5035-AU15-UIF,,BBWF,H,4,02:24.0,143.791,0:20:09,Yes
165,Redtex,0010-AU15-RTEX,,RC,H,8,02:27.0,143.732,0:20:12,Yes
166,Family Loft,0062-AU15-FAM,,BB,C,6,03:03.0,143.031,0:20:49,Yes
167,Fisher Family Loft,55344-AU15-ARPU,,BB,H,3,04:29.0,141.384,0:22:15,Yes
168,The Bailey Team,1552-AU15-GJC,,BC,H,2,04:46.0,141.063,0:22:32,Yes
169,Junior Juanich,0411-AU15-JRL,,BC,H,5,05:03.0,140.744,0:22:48,Yes
169,P J Loft,0010-IF15-PJLO,,BC,H,1,05:03.0,140.744,0:22:48,Yes
171,Junior Juanich,0410-AU15-JRL,,PENC,H,6,05:22.0,140.388,0:23:08,Yes
172,King City,0087-AU15-AIRC,Gypsy,BB,H,1,05:55.0,139.775,0:23:40,Yes
173,Mc Laughlin Lofts,2144-AU15-MCLO,,BB,H,2,06:04.0,139.609,0:23:49,Yes
174,Jb & D,1209-IF15-CCC,,BC,H,11,06:08.0,139.535,0:23:53,Yes
175,Dave Dudley,15065-AU15-PBLO,,BB,H,3,06:09.0,139.516,0:23:55,Yes
176,Andy Skwiat,0049-AU15-ANDY,,DCWF,H,4,06:18.0,139.351,0:24:03,Yes
177,Skip's Janssens,5301-AU15-GL,,BB,H,4,06:24.0,139.241,0:24:09,Yes
178,Centmeyer Loft,1639-AU15-ARNL,,BB,H,1,06:37.0,139.002,0:24:23,Yes
179,Loizzi/Sikora,1742-AU15-FVC,,BB,H,3,07:19.0,138.238,0:25:04,Yes
180,Emerson/Krass,1557-AU15-EMER,,BBWF,H,2,07:25.0,138.129,0:25:11,Yes
181,Sandstrom Brothers Loft,0303-AU15-SBL,,BCWF,H,4,07:31.0,138.021,0:25:17,Yes
182,Redtex,0007-AU15-RTEX,,RC,H,9,07:39.0,137.877,0:25:24,Yes
183,Hi-Cal Connection,0701-AU15-HAWA,,BBWF,H,1,07:54.0,137.608,0:25:39,Yes
183,N C Syndicate,19658-AU15-FOYS,,BB,H,2,07:54.0,137.608,0:25:39,Yes
185,J & M Partridge Loft,1057-AU15-PASO,,BC,H,4,07:55.0,137.59,0:25:40,Yes
186,Fisher Family Loft,55363-AU15-ARPU,,BC,H,4,07:58.0,137.536,0:25:43,Yes
187,Stenman Loft,5270-AU15-VITA,,BC,H,4,08:13.0,137.268,0:25:58,Yes
188,The Bailey Team,1555-AU15-GJC,,BB,H,3,08:22.0,137.107,0:26:08,Yes
189,Baldwin & Tilson,0977-AU15-TENT,,BB,H,2,08:32.0,136.929,0:26:18,Yes
190,A P C Loft,15060-AU15-APC,,BB,H,6,08:49.0,136.628,0:26:35,Yes
191,Stelling Loft,0055-AU15-JHS,,BB,H,1,08:51.0,136.593,0:26:36,Yes
192,Bynum Family Lofts,27690-AU15-ARPU,,BB,H,2,09:22.0,136.047,0:27:08,Yes
193,Tongol 11,1974-AU15-TONG,BLACK NIGTH 9,BB,H,1,09:40.0,135.733,0:27:25,Yes
194,Captain Chuck,1671-AU15-CAPT,,BC,H,2,09:44.0,135.663,0:27:29,Yes
195,Andy Skwiat,0060-AU15-ANDY,,BBWF,H,5,09:59.0,135.402,0:27:44,Yes
196,Milner-Mckinsey,2484-AU15-VITA,,BB,H,4,10:26.0,134.935,0:28:11,Yes
197,Loizzi/Sikora,1738-AU15-FVC,,BC,H,4,10:48.0,134.557,0:28:33,Yes
198,The Brand Syndicate,0532-AU15-RRR,,BB,H,3,11:06.0,134.249,0:28:51,Yes
199,Rick Barker,0302-AU15-VIP,,BB,H,2,12:20.0,132.997,0:30:06,Yes
200,Dunn Loft,1109-AU15-TXHC,,BB,H,1,13:35.0,131.753,0:31:20,Yes
201,Milner-Mckinsey,2489-AU15-VITA,,BB,H,5,13:46.0,131.572,0:31:32,Yes
202,T C R Loft,3354-AU15-AA,,BB,H,2,14:12.0,131.148,0:31:57,Yes
203,American Lofts,3584-AU15-CORP,,OPAL,H,3,14:14.0,131.115,0:31:59,Yes
204,The Brand Syndicate,0566-AU15-RRR,,BC,H,4,14:15.0,131.099,0:32:00,Yes
205,Kwan Loft,0414-AU15-KWAN,,BB,H,3,14:35.0,130.774,0:32:20,Yes
206,Texas Outlaws,19657-AU15-FOYS,,BCWF,H,3,14:48.0,130.564,0:32:33,Yes
207,A P C Loft,15077-AU15-APC,,BC,H,7,14:57.0,130.419,0:32:42,Yes
208,Stenman Loft,5276-AU15-VITA,,BB,H,5,15:33.0,129.841,0:33:19,Yes
209,Kiko Arana,57095-AU15-ARPU,,BB,H,2,15:47.0,129.618,0:33:33,Yes
210,Dave Harrett,0019-AU15-JEDD,,BB,H,3,15:49.0,129.586,0:33:35,Yes
211,Kwan Loft,0411-AU15-KWAN,,BC,H,4,15:59.0,129.428,0:33:44,Yes
212,Bynum Family Lofts,27682-AU15-ARPU,,BB,H,3,16:05.0,129.333,0:33:50,Yes
213,Ganus Family Loft,0712-AU15-GFL,,BC,H,3,16:31.0,128.922,0:34:16,Yes
214,Andy Skwiat,0035-AU15-ANDY,,DCWF,H,6,17:03.0,128.42,0:34:49,Yes
215,Centmeyer Loft,1663-AU15-ARNL,,BBWF,H,2,19:04.0,126.558,0:36:49,Yes
216,Dal-Tex R P C,0030-AU15-DRPC,,BB,H,3,19:10.0,126.467,0:36:55,Yes
217,The Brand Syndicate,0531-AU15-RRR,,BBPI,H,5,20:11.0,125.55,0:37:56,Yes
218,Debbie Ganus,0741-AU15-GFL,,BC,H,3,20:44.0,125.059,0:38:30,Yes
219,7-11 Syndicate,1971-AU15-SD,,BBWF,H,1,22:38.0,123.393,0:40:24,Yes
220,Drama Queen Loft,1234-AU15-GCI,,BB,H,1,23:57.0,122.265,0:41:42,Yes
221,Family Loft,0056-AU15-FAM,,BBWF,C,7,24:04.0,122.166,0:41:49,Yes
222,Equalizer Loft,0935-AU15-LAF,,BC,H,2,24:14.0,122.024,0:42:00,Yes
223,Mc Laughlin Lofts,2117-AU15-MCLO,,BB,H,3,24:20.0,121.94,0:42:05,Yes
224,Hutchins/Milner,0076-AU15-HUTC,,BB,H,1,24:39.0,121.673,0:42:24,Yes
225,Jb & D,1235-IF15-CCC,,BB,H,12,25:08.0,121.268,0:42:53,Yes
226,Andy Skwiat,0784-AU15-GFL,,DCWF,H,7,25:11.0,121.226,0:42:56,Yes
227,B D P Loft,0416-AU15-BDPL,,BC,H,2,25:28.0,120.99,0:43:13,Yes
227,Family Loft,0147-AU15-FAM,,BB,H,8,25:28.0,120.99,0:43:13,Yes
229,Tongol 11,1978-AU15-TONG,BATTLE BORN 27,BBWF,H,2,25:59.0,120.562,0:43:44,Yes
230,Andy Skwiat,0056-AU15-ANDY,,BB,H,8,26:11.0,120.397,0:43:56,Yes
231,A P C Loft,15079-AU15-APC,,BC,H,8,26:42.0,119.973,0:44:27,Yes
232,Hi-Cal Connection,0792-AU15-HAWA,,BB,H,2,26:49.0,119.877,0:44:35,Yes
233,Family Loft,0152-AU15-FAM,,BB,H,9,26:55.0,119.796,0:44:40,Yes
234,Alias-Alias,2043-AU15-ALIA,,BB,H,6,26:56.0,119.782,0:44:42,Yes
235,Shang N Dennis Yoh,0901-AU15-JEDD,,BBWF,H,3,27:06.0,119.646,0:44:52,Yes
236,Rick Barker,0305-AU15-VIP,,BB,H,3,27:11.0,119.579,0:44:56,Yes
237,B D P Loft,0417-AU15-BDPL,,RC,H,3,27:15.0,119.525,0:45:00,Yes
238,Flying D Loft 2,9518-AU15-FOYS,,DC,H,3,27:21.0,119.444,0:45:06,Yes
239,Debbie Ganus,0762-AU15-GFL,,BBSP,H,4,28:55.0,118.187,0:46:40,Yes
240,Nanez Family Lofts,2067-AU15-NANE,,BC,H,3,30:40.0,116.814,0:48:26,Yes
241,Little Reata Loft,15467-AU15-JETT,,BBWF,H,4,31:03.0,116.518,0:48:48,Yes
242,Milner-Mckinsey,2487-AU15-VITA,,BB,H,6,31:18.0,116.325,0:49:04,Yes
243,Stenman Loft,5269-AU15-VITA,,BC,H,6,31:57.0,115.828,0:49:42,Yes
244,Equalizer Loft,0435-AU15-LAF,Pop's Pick,BC,H,3,32:08.0,115.688,0:49:53,Yes
245,King City,0081-AU15-AIRC,Kingston,BBPI,H,2,32:19.0,115.549,0:50:04,Yes
246,Miller Loft 2,0013-AU15-RBPC,,BB,H,1,32:36.0,115.334,0:50:22,Yes
247,Crestview Loft,25372-AU15-ARPU,,BC,H,4,32:48.0,115.183,0:50:34,Yes
248,A P C Loft,15058-AU15-APC,,BB,H,9,33:11.0,114.895,0:50:56,Yes
249,Alonso Loft,0313-AU15-ALON,,RED,H,2,33:20.0,114.783,0:51:05,Yes
250,T C R Loft,3362-AU15-AA,,BC,H,3,33:33.0,114.621,0:51:18,Yes
251,Nanez Family Lofts,2064-AU15-NANE,,BB,H,4,33:35.0,114.596,0:51:20,Yes
252,Woodsend/Perry,1016-AU15-GHC,,SILV,H,6,33:37.0,114.571,0:51:22,Yes
253,Mr. Dovely,1310-AU15-FOYS,,WHT,H,1,33:45.0,114.472,0:51:30,Yes
254,Greek Connection,0627-AU15-GRK,,BB,H,3,34:00.0,114.286,0:51:45,Yes
255,Debbie Ganus,0724-AU15-GFL,,BB,H,5,34:04.0,114.236,0:51:50,Yes
256,Jerry Allensworth,0410-AU15-VITA,Color Me Hot,BB,H,4,34:20.0,114.039,0:52:05,Yes
257,Ganus Family Loft,0771-AU15-GFL,,BC,H,4,34:44.0,113.744,0:52:29,Yes
258,Emerson/Krass,1558-AU15-EMER,,BB,H,3,34:59.0,113.561,0:52:44,Yes
259,Stenman Loft,5262-AU15-VITA,,BB,H,7,35:28.0,113.208,0:53:13,Yes
260,Sierra Ranch Classic,0538-AU15-SIER,,BB,H,5,35:34.0,113.135,0:53:19,Yes
261,Skip's Janssens,5315-AU15-GL,,BB,H,5,36:05.0,112.76,0:53:51,Yes
262,Cypress Hills Farm,15650-AU15-HELF,,BC,H,1,36:21.0,112.568,0:54:06,Yes
263,N C Syndicate,3359-AU15-AA,,BB,H,3,38:50.0,110.808,0:56:35,Yes
264,Non Pareil Loft,0005-AU15-NPL,,BB,H,3,39:43.0,110.195,0:57:29,Yes
265,Emerson/Krass,1560-AU15-EMER,,BC,H,4,40:00.0,110,0:57:45,Yes
266,Woodsend/Perry,1535-AU15-CERO,,BCWF,H,7,40:17.0,109.806,0:58:02,Yes
267,Sandstrom Brothers Loft,0305-AU15-SBL,,DC,H,5,40:29.0,109.669,0:58:14,Yes
268,Woodsend/Perry,1039-AU15-GHC,,BB,H,8,40:41.0,109.532,0:58:27,Yes
269,Stelling Loft,0059-AU15-JHS,,BB,H,2,40:48.0,109.453,0:58:33,Yes
270,Kokomo Loft,32160-AU15-ARPU,,BC,H,2,40:49.0,109.441,0:58:35,Yes
271,Dave Harrett,0012-AU15-JEDD,,BB,H,4,40:50.0,109.43,0:58:35,Yes
272,Rick Barker,0314-AU15-VIP,,BB,H,4,41:10.0,109.204,0:58:55,Yes
273,Alonso Loft,0314-AU15-ALON,,BBWF,H,3,41:17.0,109.125,0:59:02,Yes
274,Equalizer Loft,0940-AU15-LAF,,BC,H,4,41:23.0,109.057,0:59:09,Yes
275,Texas Outlaws,19638-AU15-FOYS,,BC,H,4,41:35.0,108.922,0:59:21,Yes
276,Bionic Loft,4853-AU15-TEXS,,BC,H,2,41:40.0,108.866,0:59:25,Yes
277,Tongol 11,1985-AU15-TONG,SEMPER FI 11,WGRZ,H,3,41:46.0,108.799,0:59:31,Yes
278,Charlie's Little Loft,28219-AU15-ARPU,Charlie,BC,H,2,41:48.0,108.776,0:59:34,Yes
279,The Bailey Team,22719-AU15-ARPU,,BB,H,4,42:10.0,108.53,0:59:56,Yes
280,Stenman Loft,5263-AU15-VITA,,BC,H,8,42:13.0,108.497,0:59:58,Yes
281,Hi-Cal Connection,0799-AU15-HAWA,,BB,H,3,42:46.0,108.13,1:00:32,Yes
282,Redtex,0002-AU15-RTEX,,RC,H,10,42:56.0,108.02,1:00:41,Yes
283,Fisher Family Loft,55315-AU15-ARPU,,SILV,H,5,43:07.0,107.898,1:00:53,Yes
284,The Bailey Team,22725-AU15-ARPU,,DC,C,5,43:10.0,107.865,1:00:56,Yes
285,Drama Queen Loft,1226-AU15-GCI,,BC,H,2,43:11.0,107.854,1:00:57,Yes
286,N C Syndicate,1065-AU15-TXHC,,BB,H,4,43:35.0,107.59,1:01:21,Yes
287,Alias-Alias,2054-AU15-ALIA,,BB,H,7,43:36.0,107.579,1:01:22,Yes
288,Shawnie & Lenny Loft,1112-AU15-SMCC,,BC,H,4,44:47.0,106.807,1:02:32,Yes
289,Dave Harrett,0022-AU15-JEDD,,BB,H,5,45:22.0,106.43,1:03:08,Yes
290,Protege Loft,0028-IF15-PROT,,BLK,H,3,45:48.0,106.152,1:03:33,Yes
291,American Lofts,3588-AU15-CORP,,BBWF,H,4,46:16.0,105.854,1:04:01,Yes
292,Milner-Mckinsey,2498-AU15-VITA,Elle,OPAL,H,7,46:37.0,105.632,1:04:22,Yes
293,Jerry Johnson,15412-AU15-SGF,,BC,H,1,47:01.0,105.379,1:04:46,Yes
293,A P C Loft,15045-AU15-APC,,BB,H,10,47:01.0,105.379,1:04:46,Yes
295,Ganus Family Loft,0786-AU15-GFL,,BBWF,H,5,47:08.0,105.305,1:04:54,Yes
296,Charlie's Little Loft,28217-AU15-ARPU,Edward,BB,H,3,47:25.0,105.127,1:05:10,Yes
297,Bynum Family Lofts,27680-AU15-ARPU,,BB,H,4,47:45.0,104.918,1:05:30,Yes
298,A P C Loft,15051-AU15-APC,,BB,H,11,48:07.0,104.689,1:05:53,Yes
299,Shang N Dennis Yoh,0909-AU15-JEDD,,BCSP,H,4,48:25.0,104.503,1:06:10,Yes
300,Family Loft,0065-AU15-FAM,,BB,C,10,48:30.0,104.451,1:06:15,Yes
301,Alias-Alias,2017-AU15-ALIA,,BB,H,8,48:39.0,104.358,1:06:25,Yes
302,Ganus Family Loft,0759-AU15-GFL,,BB,C,6,48:42.0,104.327,1:06:28,Yes
303,Drama Queen Loft,1214-AU15-GCI,,BBSP,H,3,48:44.0,104.307,1:06:29,Yes
304,Jerry Johnson,15418-AU15-SGF,,RCWF,H,2,48:48.0,104.265,1:06:34,Yes
305,N C Syndicate,19660-AU15-FOYS,,BB,H,5,48:58.0,104.163,1:06:43,Yes
306,T C R Loft,3351-AU15-AA,,BC,H,4,49:18.0,103.957,1:07:04,Yes
307,N C Syndicate,3352-AU15-AA,,DC,H,6,49:33.0,103.804,1:07:19,Yes
308,Protege Loft,0013-IF15-PROT,,BB,H,4,49:46.0,103.672,1:07:31,Yes
309,Hi-Cal Connection,0788-AU15-HAWA,,BB,H,4,50:18.0,103.347,1:08:03,Yes
310,Alias-Alias,2027-AU15-ALIA,,BB,H,9,50:38.0,103.145,1:08:24,Yes
311,Kiko Arana,57087-AU15-ARPU,,BBPI,H,3,50:59.0,102.934,1:08:44,Yes
312,Woodsend/Perry,1038-AU15-GHC,,BB,H,9,51:00.0,102.924,1:08:45,Yes
313,Rick Barker,2352-AU15-HIGH,,BB,H,5,51:10.0,102.824,1:08:55,Yes
314,Mc Laughlin Lofts,2185-AU15-MCLO,,BB,H,4,53:40.0,101.344,1:11:25,Yes
315,Stenman Loft,5277-AU15-VITA,,BC,H,9,53:48.0,101.266,1:11:33,Yes
316,Greek Connection,0523-AU15-GRK,,BB,H,4,54:11.0,101.043,1:11:56,Yes
317,P J Loft,0006-IF15-PJLO,,BB,H,2,54:18.0,100.975,1:12:04,Yes
318,Alias-Alias,2047-AU15-ALIA,,BB,H,10,54:26.0,100.898,1:12:12,Yes
319,Cypress Hills Farm,15636-AU15-HELF,,BBPI,H,2,54:41.0,100.754,1:12:26,Yes
320,Leyba's Loft,0150-AU15-FTSU,,BB,H,3,54:44.0,100.725,1:12:29,Yes
321,7-11 Syndicate,1965-AU15-SD,,BB,H,2,54:51.0,100.658,1:12:36,Yes
322,Clear Springs Loft,0246-AU15-NWFI,,BB,H,3,54:54.0,100.629,1:12:39,Yes
323,A P C Loft,15080-AU15-APC,,BC,H,12,55:02.0,100.552,1:12:48,Yes
324,Family Loft,0055-AU15-FAM,,BBWF,H,11,55:19.0,100.39,1:13:04,Yes
325,Redtex,0011-AU15-RTEX,,RC,H,11,55:20.0,100.38,1:13:06,Yes
326,T C R Loft,3357-AU15-AA,,BC,H,5,55:27.0,100.313,1:13:13,Yes
327,Twin200,7800-AU15-VITA,,SIL,H,1,55:28.0,100.304,1:13:13,Yes
328,Kiko Arana,57088-AU15-ARPU,,BB,H,4,55:40.0,100.19,1:13:25,Yes
329,Dave Harrett,0007-AU15-JEDD,,BB,H,6,55:41.0,100.18,1:13:27,Yes
330,Emerson/Krass,1554-AU15-EMER,,BB,H,5,56:01.0,99.991,1:13:46,Yes
331,Little Reata Loft,15450-AU15-JETT,,BC,H,5,56:10.0,99.905,1:13:56,Yes
332,Debbie Ganus,0726-AU15-GFL,,BBWF,H,6,56:33.0,99.688,1:14:19,Yes
333,Baysideboys,2758-IF15-FOYS,,GRIZ,H,1,56:56.0,99.472,1:14:42,Yes
334,King City,0085-AU15-AIRC,Gage,BKWF,H,3,57:01.0,99.426,1:14:46,Yes
335,Bynum Family Lofts,27678-AU15-ARPU,,BB,H,5,57:16.0,99.285,1:15:02,Yes
336,4-Birds,0760-AU15-ESPO,,BB,H,3,57:26.0,99.192,1:15:12,Yes
337,Non Pareil Loft,0012-AU15-NPL,,BB,H,4,58:40.0,98.507,1:16:26,Yes
338,The Bailey Team,1551-AU15-GJC,,BB,H,6,58:43.0,98.48,1:16:28,Yes
339,Family Loft,0151-AU15-FAM,,BB,C,12,59:00.0,98.324,1:16:45,Yes
340,Andy Skwiat,0031-AU15-ANDY,,BB,H,9,59:01.0,98.315,1:16:46,Yes
341,Iv Aces Loft,7099-IF15-ACES,,BB,H,2,59:09.0,98.242,1:16:54,Yes
342,Loizzi/Sikora,1746-AU15-FVC,,BB,H,5,59:17.0,98.169,1:17:02,Yes
343,Greg Glazier,5755-AU15-SLI,,PENC,H,4,59:18.0,98.16,1:17:03,Yes
344,Redtex,0001-AU15-RTEX,,RC,H,12,59:28.0,98.068,1:17:14,Yes
345,Baldwin & Tilson,1193-AU15-TENT,,BB,H,3,59:43.0,97.932,1:17:28,Yes
346,4-Birds,0770-AU15-ESPO,,BB,H,4,59:44.0,97.923,1:17:29,Yes
347,Alias-Alias,2009-AU15-ALIA,,BB,H,11,59:48.0,97.887,1:17:33,Yes
348,Stenman Loft,5272-AU15-VITA,,DC,H,10,59:53.0,97.841,1:17:39,Yes
349,Mayberry Classic,5509-AU15-MAC,,BB,H,1,00:03.0,97.751,1:17:48,Yes
350,Little Reata Loft,15468-AU15-JETT,,BBWF,H,6,00:37.0,97.444,1:18:22,Yes
351,Shang N Dennis Yoh,0999-AU15-JEDD,,BBWF,H,5,01:23.0,97.032,1:19:09,Yes
352,Andy Skwiat,0032-AU15-ANDY,,BB,H,10,04:13.0,95.54,1:21:58,Yes
353,Flyhome Loft,1532-AU15-FLYH,,BB,H,2,09:52.0,92.697,1:27:37,Yes
354,P J Loft,0002-IF15-PJLO,,BB,H,3,11:46.0,91.778,1:29:32,Yes
355,Tony Family Lofts,58857-AU15-ARPU,,BC,H,1,11:52.0,91.73,1:29:38,Yes
356,Baldwin & Tilson,0979-AU15-TENT,,BB,H,4,11:59.0,91.675,1:29:44,Yes
357,Baysideboys,2748-IF15-FOYS,,DC,H,2,12:02.0,91.651,1:29:47,Yes
358,Greek Connection,0674-AU15-GRK,,BB,H,5,12:03.0,91.643,1:29:48,Yes
358,Jerdee,0005-IF15-POWS,,BBWF,H,1,12:03.0,91.643,1:29:48,Yes
360,Goshentown Lofts,5848-AU15-VITA,,BB,H,3,12:06.0,91.619,1:29:51,Yes
361,E & E Loft,0016-AU15-EE,,BB,H,1,12:07.0,91.611,1:29:52,Yes
362,The Bailey Team,0444-AU15-GJC,,BCWF,H,7,12:08.0,91.603,1:29:53,Yes
363,Jerdee,0001-IF15-POWS,,BB,H,2,12:09.0,91.595,1:29:55,Yes
363,Jerdee,0003-IF15-POWS,,BB,H,3,12:09.0,91.595,1:29:55,Yes
365,E & E Loft,0017-AU15-EE,,BB,H,2,12:11.0,91.579,1:29:57,Yes
365,Captain Chuck,1681-AU15-CAPT,,BB,H,3,12:11.0,91.579,1:29:57,Yes
367,Jb & D,1287-IF15-CCC,,BC,H,13,12:16.0,91.54,1:30:01,Yes
368,Milner-Mckinsey,2493-AU15-VITA,,BB,H,8,12:17.0,91.532,1:30:02,Yes
369,Jerdee,0007-IF15-POWS,,BB,H,4,12:20.0,91.508,1:30:05,Yes
369,Hutchins/Milner,2495-AU15-VITA,Jack Frost,BBWF,H,2,12:20.0,91.508,1:30:05,Yes
371,Baldwin & Tilson,1196-AU15-TENT,,BB,H,5,12:21.0,91.5,1:30:06,Yes
372,Captain Chuck,1669-AU15-CAPT,,BB,H,4,12:23.0,91.484,1:30:08,Yes
373,Stelling Loft,0254-AU15-JHS,,BCH,H,3,12:24.0,91.476,1:30:10,Yes
374,Captain Chuck,1684-AU15-CAPT,,BLK,H,5,12:27.0,91.452,1:30:13,Yes
375,Sandstrom Brothers Loft,0372-AU15-SBL,,BBWF,H,6,12:30.0,91.429,1:30:15,Yes
376,Sandstrom Brothers Loft,0371-AU15-SBL,,BB,H,7,12:31.0,91.421,1:30:16,Yes
377,Jerdee,0010-IF15-POWS,,BB,H,5,12:32.0,91.413,1:30:17,Yes
377,Captain Chuck,1520-AU15-CAPT,,BLK,H,6,12:32.0,91.413,1:30:17,Yes
379,Captain Chuck,1680-AU15-CAPT,,RC,H,7,12:35.0,91.389,1:30:20,Yes
380,Hutchins/Milner,0085-AU15-HUTC,,BB,H,3,12:36.0,91.381,1:30:22,Yes
381,Hutchins/Milner,0077-AU15-HUTC,,BB,H,4,12:38.0,91.365,1:30:24,Yes
381,Captain Chuck,1509-AU15-CAPT,,SIL,H,8,12:38.0,91.365,1:30:24,Yes
383,Baysideboys,2751-IF15-FOYS,,BC,H,3,12:40.0,91.349,1:30:26,Yes
383,Tony Family Lofts,58859-AU15-ARPU,,BC,H,2,12:40.0,91.349,1:30:26,Yes
385,Captain Chuck,1689-AU15-CAPT,,RC,H,9,12:42.0,91.334,1:30:27,Yes
386,Tony Family Lofts,58853-AU15-ARPU,,BCSP,H,3,12:43.0,91.326,1:30:28,Yes
387,Stelling Loft,0257-AU15-JHS,,BB,H,4,12:46.0,91.302,1:30:32,Yes
387,Braden/Olivieri,0471-AU15-LAKE,Canned Heat,BBWF,H,1,12:46.0,91.302,1:30:32,Yes
389,Baldwin & Tilson,0997-AU15-TENT,,BB,H,6,12:47.0,91.294,1:30:33,Yes
390,E & E Loft,0012-AU15-EE,,BC,H,3,12:51.0,91.263,1:30:36,Yes
391,Jerdee,0011-IF15-POWS,,BB,H,6,12:54.0,91.239,1:30:39,Yes
392,Baldwin & Tilson,1029-AU15-TENT,,BBPI,H,7,12:59.0,91.2,1:30:44,Yes
393,Braden/Olivieri,0469-AU15-LAKE,Rogue Brew,BB,H,2,13:02.0,91.176,1:30:47,Yes
394,Goshentown Lofts,5843-AU15-VITA,,BB,H,4,13:26.0,90.987,1:31:12,Yes
395,Captain Chuck,1522-AU15-CAPT,,RC,H,10,13:31.0,90.948,1:31:17,Yes
396,Hutchins/Milner,2496-AU15-VITA,,BB,H,5,13:37.0,90.901,1:31:23,Yes
397,Twin200,7799-AU15-VITA,,SIL,H,2,20:25.0,87.817,1:38:10,Yes
398,Mayberry Classic,5508-AU15-MAC,,BBSP,H,2,29:42.0,83.929,1:47:28,Yes
399,Sierra Ranch Classic,0519-AU15-SIER,,BC,H,6,44:49.0,78.286,2:02:34,Yes
400,Hi-Cal Connection,0798-AU15-HAWA,,BB,H,5,49:32.0,76.677,2:07:18,Yes
